mix,age_d,mass_kg,volume_m3,density,mean_reported
NA (อ้างอิง),7,3.28,0.00156,2103.0,2137.0
NA (อ้างอิง),7,3.33,0.00156,2135.0,
NA (อ้างอิง),7,3.39,0.00156,2173.0,
NA (อ้างอิง),14,3.62,0.00156,2321.0,2308.0
NA (อ้างอิง),14,3.62,0.00156,2321.0,
NA (อ้างอิง),14,3.56,0.00156,2282.0,
NA (อ้างอิง),28,3.54,0.00156,2269.0,2284.0
NA (อ้างอิง),28,3.54,0.00156,2269.0,
NA (อ้างอิง),28,3.61,0.00156,2314.0,
RA (ไบโอชาร์ 0%),7,3.25,0.00156,2083.0,2125.0
RA (ไบโอชาร์ 0%),7,3.38,0.00156,2167.0,
RA (ไบโอชาร์ 0%),7,3.25,0.00156,2083.0,
RA (ไบโอชาร์ 0%),14,3.45,0.00156,2212.0,2224.0
RA (ไบโอชาร์ 0%),14,3.42,0.00156,2192.0,
RA (ไบโอชาร์ 0%),14,3.54,0.00156,2269.0,
RA (ไบโอชาร์ 0%),28,3.48,0.00156,2231.0,2235.0
RA (ไบโอชาร์ 0%),28,3.46,0.00156,2218.0,
RA (ไบโอชาร์ 0%),28,3.52,0.00156,2256.0,
ไบโอชาร์ 5%,7,3.19,0.00156,2045.0,2073.0
ไบโอชาร์ 5%,7,3.28,0.00156,2103.0,
ไบโอชาร์ 5%,7,3.23,0.00156,2071.0,
ไบโอชาร์ 5%,14,3.29,0.00156,2109.0,2053.0
ไบโอชาร์ 5%,14,3.19,0.00156,2045.0,
ไบโอชาร์ 5%,14,3.13,0.00156,2006.0,
ไบโอชาร์ 5%,28,3.39,0.00156,2173.0,2150.0
ไบโอชาร์ 5%,28,3.38,0.00156,2167.0,
ไบโอชาร์ 5%,28,3.29,0.00156,2109.0,
ไบโอชาร์ 10%,7,3.04,0.00156,1949.0,1996.0
ไบโอชาร์ 10%,7,3.15,0.00156,2019.0,
ไบโอชาร์ 10%,7,3.15,0.00156,2019.0,
ไบโอชาร์ 10%,14,3.2,0.00156,2051.0,2006.0
ไบโอชาร์ 10%,14,3.15,0.00156,2019.0,
ไบโอชาร์ 10%,14,3.04,0.00156,1949.0,
ไบโอชาร์ 10%,28,3.23,0.00156,2071.0,2011.0
ไบโอชาร์ 10%,28,3.12,0.00156,2000.0,
ไบโอชาร์ 10%,28,3.06,0.00156,1962.0,
ไบโอชาร์ 15%,7,3.21,0.00156,2058.0,2047.0
ไบโอชาร์ 15%,7,3.17,0.00156,2032.0,
ไบโอชาร์ 15%,7,3.2,0.00156,2051.0,
ไบโอชาร์ 15%,14,3.22,0.00156,2064.0,2030.0
ไบโอชาร์ 15%,14,3.12,0.00156,2000.0,
ไบโอชาร์ 15%,14,3.16,0.00156,2026.0,
ไบโอชาร์ 15%,28,3.19,0.00156,2045.0,2030.0
ไบโอชาร์ 15%,28,3.18,0.00156,2038.0,
ไบโอชาร์ 15%,28,3.13,0.00156,2006.0,
