series,mix,age,bpn_dry,sd_dry,bpn_wet,sd_wet,n_blocks,status,wet_drop,wet_ratio
I,NA,7,66.8,1.7,57.2,2.0,3,PLACEHOLDER,9.6,0.856
I,NA,14,67.8,1.4,58.3,1.5,3,PLACEHOLDER,9.5,0.86
I,NA,28,68.6,1.1,59.1,1.8,3,PLACEHOLDER,9.5,0.862
I,RA,7,66.3,1.6,55.4,1.9,3,PLACEHOLDER,10.9,0.836
I,RA,14,67.8,1.3,56.8,1.4,3,PLACEHOLDER,11.0,0.838
I,RA,28,69.5,1.0,58.8,1.5,3,PLACEHOLDER,10.7,0.846
I,Rab5,7,65.0,1.1,56.4,1.9,3,PLACEHOLDER,8.6,0.868
I,Rab5,14,66.5,1.5,57.7,1.8,3,PLACEHOLDER,8.8,0.868
I,Rab5,28,67.2,1.4,58.2,2.2,3,PLACEHOLDER,9.0,0.866
I,Rab10,7,63.5,1.7,53.8,2.0,3,PLACEHOLDER,9.7,0.847
I,Rab10,14,65.4,1.4,55.5,1.9,3,PLACEHOLDER,9.9,0.849
I,Rab10,28,65.5,1.6,55.6,1.4,3,PLACEHOLDER,9.9,0.849
I,Rab15,7,62.0,1.3,51.7,1.4,3,PLACEHOLDER,10.3,0.834
I,Rab15,14,62.9,1.4,52.7,1.9,3,PLACEHOLDER,10.2,0.838
I,Rab15,28,63.4,1.3,53.7,1.4,3,PLACEHOLDER,9.7,0.847
II,RCA0,7,64.8,1.2,56.4,1.2,3,PLACEHOLDER,8.4,0.87
II,RCA0,14,67.7,1.1,58.2,2.1,3,PLACEHOLDER,9.5,0.86
II,RCA0,28,68.7,1.6,59.4,2.1,3,PLACEHOLDER,9.3,0.865
II,RCA5,7,64.0,1.5,52.9,2.1,3,PLACEHOLDER,11.1,0.827
II,RCA5,14,66.8,1.5,55.1,1.3,3,PLACEHOLDER,11.7,0.825
II,RCA5,28,67.6,1.4,56.3,1.8,3,PLACEHOLDER,11.3,0.833
II,RCA10,7,59.0,1.7,50.9,1.2,3,PLACEHOLDER,8.1,0.863
II,RCA10,14,61.6,1.6,54.0,1.6,3,PLACEHOLDER,7.6,0.877
II,RCA10,28,62.4,1.6,54.7,1.8,3,PLACEHOLDER,7.7,0.877
II,RCA15,7,59.0,1.6,50.2,1.7,3,PLACEHOLDER,8.8,0.851
II,RCA15,14,61.1,1.7,51.3,1.5,3,PLACEHOLDER,9.8,0.84
II,RCA15,28,61.7,1.7,52.5,2.1,3,PLACEHOLDER,9.2,0.851
