mix,cement,sand,stone,rca,biochar,binder_cement,virgin_agg,secondary,total_mass,recycled_share_pct,gwp_A,gwp_B,gwpA_cement,gwpA_sand,gwpA_stone,gwpA_rca,gwpA_biochar,fc28,gwpA_per_MPa,gwpB_per_MPa,cement_per_MPa,gwp_A_vs_ctrl_pct
NA,384.615,1153.846,576.923,0.0,0.0,384.615,1730.769,0.0,2115.385,0.0,299.808,299.808,292.308,4.615,2.885,0.0,0.0,91.54,3.275,3.275,4.202,-0.383
RA,384.615,576.923,576.923,576.923,0.0,384.615,1153.846,576.923,2115.385,27.273,300.962,300.962,292.308,2.308,2.885,3.462,0.0,60.46,4.978,4.978,6.361,0.0
Rab5,365.385,576.923,576.923,576.923,28.846,365.385,1153.846,605.769,2125.0,28.507,293.558,230.096,277.692,2.308,2.885,3.462,7.212,51.85,5.662,4.438,7.047,-2.46
Rab10,346.154,576.923,576.923,576.923,57.692,346.154,1153.846,634.615,2134.615,29.73,286.154,159.231,263.077,2.308,2.885,3.462,14.423,39.37,7.268,4.044,8.792,-4.92
Rab15,326.923,576.923,576.923,576.923,86.538,326.923,1153.846,663.462,2144.231,30.942,278.75,88.365,248.462,2.308,2.885,3.462,21.635,37.93,7.349,2.33,8.619,-7.38
Rab20,307.692,576.923,576.923,576.923,115.385,307.692,1153.846,692.308,2153.846,32.143,271.346,17.5,233.846,2.308,2.885,3.462,28.846,,,,,-9.84
Rab25,288.462,576.923,576.923,576.923,144.231,288.462,1153.846,721.154,2163.462,33.333,263.942,-53.365,219.231,2.308,2.885,3.462,36.058,,,,,-12.3
RCA0,384.615,576.923,1153.846,0.0,30.769,384.615,1730.769,30.769,2146.154,1.434,308.077,240.385,292.308,2.308,5.769,0.0,7.692,55.43,5.558,4.337,6.939,0.0
RCA5,384.615,548.077,1153.846,28.846,30.769,384.615,1701.923,59.615,2146.154,2.778,308.135,240.442,292.308,2.192,5.769,0.173,7.692,59.31,5.195,4.054,6.485,0.019
RCA10,384.615,519.231,1153.846,57.692,30.769,384.615,1673.077,88.462,2146.154,4.122,308.192,240.5,292.308,2.077,5.769,0.346,7.692,61.34,5.024,3.921,6.27,0.037
RCA15,384.615,490.385,1153.846,86.538,30.769,384.615,1644.231,117.308,2146.154,5.466,308.25,240.558,292.308,1.962,5.769,0.519,7.692,62.19,4.957,3.868,6.185,0.056
