scenario,mix,mean,p2_5,p97_5
A,NA,302.42,262.43,342.51
A,RA,303.75,263.86,344.11
A,Rab5,297.72,259.17,336.74
A,Rab10,291.69,253.33,330.39
A,Rab15,285.66,246.45,325.94
A,Rab20,279.63,238.89,322.1
A,Rab25,273.6,230.49,318.94
A,RCA0,312.22,271.71,353.2
A,RCA5,312.28,271.76,353.31
A,RCA10,312.35,271.81,353.37
A,RCA15,312.42,271.88,353.42
B,NA,302.42,262.43,342.51
B,RA,303.75,263.86,344.11
B,Rab5,240.26,195.2,285.21
B,Rab10,176.77,117.7,233.89
B,Rab15,113.29,36.53,185.32
B,Rab20,49.8,-46.44,138.47
B,Rab25,-13.69,-130.39,93.52
B,RCA0,250.93,203.12,298.29
B,RCA5,250.99,203.22,298.35
B,RCA10,251.06,203.28,298.44
B,RCA15,251.13,203.31,298.53
