series_note,mix,cement_g,sand_g,stone_g,rca_g,biochar_g
,ส่วนผสมต้นแบบ,600.0,900.0,900.0,900.0,0.0
ชุดที่ 1 : คุมการแทนที่ทรายด้วยเศษคอนกรีตที่ 50% และแทนที่ซีเมนต์ด้วยถ่านชีวภาพ (ไบโอชาร์) ที่ 5-25 เปอร์เซ็นต์,ไบโอชาร์ 5%,570.0,900.0,900.0,900.0,45.0
ชุดที่ 1 : คุมการแทนที่ทรายด้วยเศษคอนกรีตที่ 50% และแทนที่ซีเมนต์ด้วยถ่านชีวภาพ (ไบโอชาร์) ที่ 5-25 เปอร์เซ็นต์,ไบโอชาร์ 10%,540.0,900.0,900.0,900.0,90.0
ชุดที่ 1 : คุมการแทนที่ทรายด้วยเศษคอนกรีตที่ 50% และแทนที่ซีเมนต์ด้วยถ่านชีวภาพ (ไบโอชาร์) ที่ 5-25 เปอร์เซ็นต์,ไบโอชาร์ 15%,510.0,900.0,900.0,900.0,135.0
ชุดที่ 1 : คุมการแทนที่ทรายด้วยเศษคอนกรีตที่ 50% และแทนที่ซีเมนต์ด้วยถ่านชีวภาพ (ไบโอชาร์) ที่ 5-25 เปอร์เซ็นต์,ไบโอชาร์ 20%,480.0,900.0,900.0,900.0,180.0
ชุดที่ 1 : คุมการแทนที่ทรายด้วยเศษคอนกรีตที่ 50% และแทนที่ซีเมนต์ด้วยถ่านชีวภาพ (ไบโอชาร์) ที่ 5-25 เปอร์เซ็นต์,ไบโอชาร์ 25%,450.0,900.0,900.0,900.0,225.0
ชุดที่ 2 : คุมแทนที่ซีเมนต์ด้วยถ่านชีวภาพ (ไบโอชาร์) ที่ 5 เปอร์เซ็นต์ และแทนที่ทรายในอัตรา 5-15 เปอร์เซ็นต์,ส่วนผสมต้นแบบ,600.0,900.0,1800.0,0.0,48.0
ชุดที่ 2 : คุมแทนที่ซีเมนต์ด้วยถ่านชีวภาพ (ไบโอชาร์) ที่ 5 เปอร์เซ็นต์ และแทนที่ทรายในอัตรา 5-15 เปอร์เซ็นต์,เศษคอนกรีต 5%,600.0,855.0,1800.0,45.0,48.0
ชุดที่ 2 : คุมแทนที่ซีเมนต์ด้วยถ่านชีวภาพ (ไบโอชาร์) ที่ 5 เปอร์เซ็นต์ และแทนที่ทรายในอัตรา 5-15 เปอร์เซ็นต์,เศษคอนกรีต 10%,600.0,810.0,1800.0,90.0,48.0
ชุดที่ 2 : คุมแทนที่ซีเมนต์ด้วยถ่านชีวภาพ (ไบโอชาร์) ที่ 5 เปอร์เซ็นต์ และแทนที่ทรายในอัตรา 5-15 เปอร์เซ็นต์,เศษคอนกรีต 15%,600.0,765.0,1800.0,135.0,48.0
