no,key,first_author,year,title,level,doi_printed,doi_recalled_unverified,note
1,nxpo2021,Office of National Higher Education Science Research,2021,Thailand announces targets for carbon neutrality by 2050 and net-zero GHG emissions by 2065 (in Thai),O,,,
2,ltleds2022,Royal Thai Government,2022,Thailand's long-term low greenhouse gas emission development strategy (revised version),S,,,"Title taken from the UNFCCC file name 'Thailand LT-LEDS (Revised Version)_08Nov2022.pdf'. The Thai issuing agency (commonly ONEP) was NOT named in the results - verify before citing an organisation author. Numbers are from search-result summaries of the document, not read in the PDF itself."
3,tripathi2019,Tripathi,2019,Biomass waste utilisation in low-carbon products: harnessing a major potential resource,O,,,
4,windeatt2014,Windeatt,2014,Characteristics of biochars from crop residues: potential for carbon sequestration and soil amendment,O,,,
5,wangf2021,Wang,2021,Technologies and perspectives for achieving carbon neutrality,O,,,
6,akinyemi2020,Akinyemi,2020,Recent advancements in the use of biochar for cementitious applications: A review,V2,,10.1016/j.jobe.2020.101705,"Seed candidate confirmed (title, authors, J. Build. Eng. vol. 32, 2020). The LMU repository summary lists pages 1-13; article number 101705 (from task seed) not seen. Recalled DOI unverified."
7,zhang2022,Zhang,2022,Biochar as construction materials for achieving carbon neutrality,V1,10.1007/s42773-022-00182-x,,"Volume/issue/article number (4/1/59, Dec 2022) and author list taken from the search-result answer text; DOI visible in the Springer URL."
8,he2022,He,2022,Waste-derived biochar for water pollution control and sustainable development,O,,,
9,maljaee2021,Maljaee,2021,Incorporation of biochar in cementitious materials: A roadmap of biochar selection,V2,,10.1016/j.conbuildmat.2021.122757,"Seed candidate confirmed (title, first author Maljaee, journal, vol. 283, 2021). Two search answers gave author lists with and without Tarelho (4 vs 5 authors), so authors_complete=false. Article number 122757 (from the task seed) was NOT seen in any result; the recalled DOI is derived from that seed article number and is unverified."
10,chen2022,Chen,2022,Biochar-augmented carbon-negative concrete,V1,10.1016/j.cej.2021.133946,,"Seed candidate confirmed. Biochar here is an aggregate replacement, not a cement replacement, so do not quote numbers as cement-replacement results. Published 1 Mar 2022 per search text."
11,sajjadi2019,Sajjadi,2019,A comprehensive review on physical activation of biochar for energy and environmental applications,O,,,
12,andrew2019,Andrew,2019,"Global CO2 emissions from cement production, 1928-2018",V2,,10.5194/essd-11-1675-2019 (suffix matches the Copernicus URL slug essd-11-1675-2019; DOI string itself not shown in a result),"Single author Robbie M. Andrew (CICERO), published 20 Nov 2019 per search-result text. Data DOI 10.5281/zenodo.831454 is the dataset, not the article. Process (calcination) emissions only, not fuel emissions."
13,habert2020,Habert,2020,Environmental impacts and decarbonization strategies in the cement and concrete industries,V1,10.1038/s43017-020-0093-3,,"Full author list (Habert, Miller, John, Provis, Favier, Horvath, Scrivener) not seen in results, so only the first three are recorded. DOI appears in search-result text. Quote is from search-result abstract text."
14,scrivener2018,Scrivener,2018,Eco-efficient cements: Potential economically viable solutions for a low-CO2 cement-based materials industry,V2,,"10.1016/j.cemconres.2018.03.015 (recalled from memory, NOT seen in any result)",Volume 114 and pages 2-26 taken from search-result text. Issue not seen. Quote is from search-result summary.
15,barbhuiya2024,Barbhuiya,2024,"Biochar-concrete: A comprehensive review of properties, production and sustainability",V1,10.1016/j.cscm.2024.e02859,,Seed candidate confirmed exactly. DOI string appeared in the search-result text; vol. 20 / e02859 seen on the NITK repository record.
16,khongprom2017,Khongprom,2017,Environmental Benefits of the Integrated Alternative Technologies of the Portland Cement Production: A Case Study in Thailand,V2,,,Year 2017 and volume 21 / issue 7 from search-result text; pages and DOI not seen. System boundary/base year of the 0.76 figure not seen - check the paper (search text mentions energy data for 1995-2010 and projections 2015-2030). Quote from search-result text.
17,wang2020,Wang,2020,Biochar as green additives in cement-based composites with carbon dioxide curing,V2,,10.1016/j.jclepro.2020.120678,"Seed candidate confirmed (journal, vol. 258, article 120678, June 2020). Recalled DOI is built from the seen article number and is unverified. Title uses 'additives' (plural) as in the repository records."
18,legan2025,Legan,2025,Assessment of Mechanical and Ecotoxicological Properties of Mortar with Wood Waste Biochar as Partial Cement Replacement,V1,10.3390/ma18040876,,Published 17 Feb 2025 (per search output). DOI derived from MDPI URL pattern 1996-1944/18/4/876 -> 10.3390/ma18040876 (Materials = 'ma'; pattern cross-checked against the Ling et al. DOI/URL pair). Numbers from search-tool summary of the abstract.
19,hylton2024,Hylton,2024,Relevant biochar characteristics influencing compressive strength of biochar-cement mortars,V1,10.1007/s42773-024-00375-6,,DOI string seen in the Springer URL and in the correction notice 'Biochar 6:87 (2024) https://doi.org/10.1007/s42773-024-00375-6'. Abstract wording reproduced via search-tool output; re-check before direct quotation.
20,chin2025,Chin,2025,Bamboo biochar and carbonation enhanced the compressive and flexural strength of cement mortar,V2,,,"Journal Next Materials vol. 9, art. 100959 (pp. 1-11), 2025; ISSN 2949-8228 per search output. Elsevier PII S2949822825004770 appears in a PDF filename but no DOI string was seen. Author 'Che Jialing' reproduced as displayed (surname/given split not confirmed). Same research group as B2-14 and B2-15; possible overlapping datasets. Numbers from repository abstract via search-tool summary. Whether 6% is 'replacement' or 'addition' by cement mass was not confirmed (study describes 'addition'; other results say 'partial substitute')."
21,wangx2019,Wang,2019,Material characterization for sustainable concrete paving blocks,V1,10.3390/app9061197,,"DOI string literally present in a returned URL (dx-doi-org proxy host path) and consistent with MDPI URL pattern 2076-3417/9/6/1197. Authors Xinyi Wang, Chee Seong Chin, Jun Xia. Quote is from the search-tool summary of the abstract; actual slip-resistance values not seen."
22,contreras2022,Contreras Llanes,2022,Construction and demolition waste as recycled aggregate for environmentally friendly concrete paving,V1,10.1007/s11356-021-15849-4,,DOI literally in returned Springer URL. Online 10 Sep 2021; volume 29 (2022) pp 9826-9840 per search summary. Issue not seen. Quote is from the search-tool summary of the abstract.
23,rodriguez2017,Rodríguez,2017,Properties of concrete paving blocks and hollow tiles with recycled aggregate from construction and demolition wastes,V1,10.3390/ma10121374,,"Published 2017 (older than 2019 but included because it covers slip/skid and abrasion testing of RCA paving blocks). DOI derived from URL mdpi.com/1996-1944/10/12/1374 (ISSN 1996-1944 = Materials, code 'ma'); same DOI also appeared in search summary text. No numeric strength values seen, hence key_quant null (replacement levels 15% and 30% given in key_finding)."
24,soares2025,Soares,2025,Systematic Literature Review: Life Cycle Assessment (LCA) of Paving Blocks,V1,10.3390/buildings15244471,,DOI derived from MDPI URL pattern www.mdpi.com/2075-5309/15/24/4471 => buildings + 15 + 24 + 4471. Date 11 Dec 2025 and author list taken from search-result text. Quote is from search-result summary of the abstract.
25,pizon2026,Pizoń,2026,Life Cycle Assessment of Concrete Containing Crushed Concrete Paving Blocks as a Sustainable Replacement for Natural Aggregates,V1,10.3390/su18062703,,author list as printed on the PDF supplied by the user
26,un2015,United Nations General Assembly,2015,"Transforming our world: the 2030 Agenda for Sustainable Development, Resolution A/RES/70/1",S,,,well-known document; not re-verified in this session
27,lehmann2015,Lehmann,2015,Biochar for environmental management: an introduction. In: Biochar for environmental management,O,,,
28,czajczynska2017,Czajczyńska,2017,Potential of pyrolysis processes in the waste management sector,O,,,author list completed from author knowledge; re-check
29,cherdkun2019,Cherdkun,2019,Preparation of activated carbon from biochar and subbituminous coal (thesis),O,,,
30,biederman2013,Biederman,2013,Biochar and its effects on plant productivity and nutrient cycling: a meta-analysis,O,,,
31,woolf2010,Woolf,2010,Sustainable biochar to mitigate global climate change,V1,10.1038/ncomms1053,,"Included as foundational (2010; soil-application based, not about cement) because it is the standard source for biochar carbon stability/sequestration potential. Article number 56 inferred from the Cornell PDF filename 'NatureCommunications 1, 56, 2010' returned in the results."
32,ahmad2014,Ahmad,2014,Biochar as a sorbent for contaminant management in soil and water: a review,O,,,
33,sangmanee2025,Sangmanee,2025,"Effects of durian shell biochar and green manure on soil properties, growth and yield of green oak lettuce in acid sulfate soil",O,,,
34,buddee2024,Buddee,2024,The adsorption of malachite green dye using biochar from bagasse,O,,,
35,senadheera2023,Senadheera,2023,Application of biochar in concrete - A review,V1,10.1016/j.cemconcomp.2023.105204,,Not a seed candidate; added as a recent high-quality review. Title hyphen rendered as in search results.
36,murali2024,Murali,2024,A comprehensive review of biochar-modified concrete: Mechanical performance and microstructural insights,V1,10.1016/j.conbuildmat.2024.135986,,Volume/issue not seen. Article number 135986 is the suffix of the DOI string that appeared in the search-result text (Elsevier CBM uses article number as DOI suffix). Single evidence page (a CDR literature database); recommend a second check on ScienceDirect before final citation.
37,ling2023,Ling,2023,Effect of biochar dosage and fineness on the mechanical properties and durability of concrete,V1,10.3390/ma16072809,,"Seed 'Ling et al. 2023, Materials 16(7):2809' confirmed via mdpi.com/1996-1944/16/7/2809. DOI derived from MDPI URL pattern (Materials = 'ma'). Author list as given in search-tool text; not independently confirmed beyond first author, so authors_complete=false."
38,gupta2019,Gupta,2019,Carbonaceous micro-filler for cement: Effect of particle size and dosage of biochar on fresh and hardened properties of cement mortar,V3,,,Not a seed item but closely related to Gupta & Kua work; metadata from search-tool answer text (indirect evidence). Verify on ScienceDirect before final citation.
39,gupta2018c,Gupta,2018,Effect of water entrainment by pre-soaked biochar particles on strength and permeability of cement mortar,V3,,10.1016/j.conbuildmat.2017.10.095,"Search output stated 'published by Gupta and Kua in 2018 in Construction and Building Materials, volume 159 (January), pages 107-125' (initials taken from the same authors in another result). Abstract could not be retrieved. Recalled DOI is from memory only, unverified."
40,sacdalan2023,Sacdalan,2023,Bamboo-derived Biochar as Partial Cement Replacement in Concrete for Carbon Dioxide Capturing and Sequestration,V2,,10.3303/CET23106069,"Dec 2023 issue (DOAJ listing 'Chemical Engineering Transactions (Dec 2023)'; URL pattern cet/23/106). Authors affiliated with Bataan Peninsula State University, Philippines. Recalled DOI follows the CET article-ID pattern but was not seen. Numbers from search-tool summary of abstract."
41,gimbun2025,Gimbun,2025,Bamboo biochar addition enhanced cement mortar strength and CO2 sequestration ability,V2,,,"A model-predicted optimum (35.27 MPa compressive and 8.78 MPa flexural at 2.15% biochar and w/c 0.47) appeared in the same search result, apparently for this paper, but attribution was inferred (not stated explicitly) so it is not put in key_quant - confirm. Year 2025 and vol. 141 art. 104155 per UMP repository record. Possible dataset overlap with B2-13 (same group)."
42,tam2018,Tam,2018,A review of recycled aggregate in concrete applications (2000-2017),V3,,10.1016/j.conbuildmat.2018.03.240,"WEAK EVIDENCE: authors, journal, volume 172, pp 272-292 and DOI came only from the search tool's summary text for the first query; no returned URL was clearly this paper, and a follow-up DOI-based query did not locate it. Consistent with the seed record. Re-check bibliographic details before final submission. DOI string appeared only in summary text, so kept as recalled/unverified."
43,silva2014,Silva,2014,Properties and composition of recycled aggregates from construction and demolition waste suitable for concrete production,V3,,10.1016/j.conbuildmat.2014.04.117,"MEDIUM-WEAK EVIDENCE: the search summary stated authors, journal, vol. 65, pp 201-217, 2014 (and that it was a top-cited CBM article), and the listed researcher-publication pages were returned, but page content was not shown to me. DOI is recalled from memory only. Older than 2019 but foundational."
44,verian2018,Verian,2018,Properties of recycled concrete aggregate and their influence in new concrete production,V2,,10.1016/j.resconrec.2018.02.005,"Title confirmed by ResearchGate URL title; authors (Verian K.P., Ashraf W., Cao Y.), journal, volume, pages and year came from the search tool's summary text. The DOI string appeared only in that summary text (not in a returned URL), so it is kept only as recalled/unverified. Published 2018 (foundational, highly cited RCA review)."
45,nedeljkovic2021,Nedeljković,2021,Use of fine recycled concrete aggregates in concrete: A critical review,V2,,10.1016/j.jobe.2021.102196,"Authors (Marija Nedeljkovic, Jeanette Visser, Branko Savija, Siska Valcke, Erik Schlangen), journal, vol 38, article 102196, June 2021 from search results/summary. Quote is from the search-tool summary of the abstract. DOI appeared only in summary text (and the ScienceDirect URL is PII-based), so kept as recalled/unverified."
46,peiris2025,Peiris,2025,Impact of treatment methods on recycled concrete aggregate performance: a comprehensive review,V1,10.1007/s11356-025-36497-y,,Published online 31 May 2025 (per search summary). Volume/issue/pages not seen; Springer article ID s11356-025-36497-y is in the returned URL. Cite as online-first/article number if volume not later confirmed.
47,scrivener2004,Scrivener,2004,The interfacial transition zone (ITZ) between cement paste and aggregate in concrete,V1,10.1023/B:INTS.0000042339.92990.4C,,"DOI string appeared literally in the returned URL www.doi.org/10.1023/B:INTS.0000042339.92990.4C (EPFL Infoscience record also returned). Volume 12 issue 4 pp. 411-421 from search summary. Classic paper (2004), retained as the standard ITZ reference. No verbatim quote was seen, so none recorded."
48,xiao2013,Xiao,2013,Properties of interfacial transition zones in recycled aggregate concrete tested by nanoindentation,V2,,,"Title confirmed via ScienceDirect result (PII S0958946513000085; ISSN 0958-9465 = Cem. Concr. Compos.; year code 13) and UTS OPUS record; vol. 37, issue 1, pp. 276-292 and the abstract numbers were returned consistently in several searches. The full author list was NOT seen in any result. From memory (unverified) the authors are J. Xiao, W. Li, Z. Sun, D.A. Lange, S.P. Shah; confirm before use."
49,akhtar2018,Akhtar,2018,Strength improvement of recycled aggregate concrete through silicon rich char derived from organic waste,V1,10.1016/j.jclepro.2018.06.044,,Published September 2018 per search output; DOI seen in text. Volume/pages not seen in results (seed states J. Clean. Prod. 196:411-423 - treat as unverified until checked). Only 'Ali Akhtar and Ajit Sarmah' displayed; middle initials not shown.
50,shao2026,Shao,2026,Low-carbon construction material from waste concrete powder through compaction and carbonation: effect of powder size,O,,,
51,wangx2026,Wang,2026,From waste to carbon benefits - a dynamic spatiotemporal model for assessing carbon reduction potential in urban concrete recycling systems,O,,,
52,namarak2018,Namarak,2018,Development of concrete paving blocks prepared from waste materials without Portland cement,V2,,,Pages not seen (the seed gave 92-99 but this was NOT confirmed in any result). DOI not seen. Authors/vol/issue/year from matsc.ktu.lt article page and search summary; quote is from the search-tool summary of the abstract.
53,sept2018,Small Element Pavement Technology (SEPT),2018,The international body for the development of concrete block pavement technology,O,,,
54,saetang2024,Saetang,2024,Design and development of lignite fly ash concrete paving block (in Thai),O,,,
55,paoleng2025ncce,Paoleng,2025,"Mechanical and physical properties of concrete paving blocks using vinasse fly ash and rice husk ash as cement replacement (in Thai). In: Proceedings of the 30th National Convention on Civil Engineering (NCCE30), Nakhon Pathom",O,,,
56,pluemruetai2011,Pluemruetai,2011,"Development of concrete block using water hyacinth (in Thai). In: Silpakorn Graduate Studies Conference 2, Nakhon Pathom",O,,,
57,chantaramanee2024,Chantaramanee,2024,"Physical properties, compressive strength and microstructure of interlocking concrete paving block containing bamboo ash",O,,,
58,khamput2024,Khamput,2024,Development of interlocking concrete paving block from plastic bottle waste incorporated with stone dust (in Thai),O,,,first author transliterated from the original Thai entry; re-check
59,kaewkamthong2025,Kaewkamthong,2025,Utilization of plastic waste and demolished concrete as ingredients in sidewalk paving blocks (in Thai),O,,,author transliterated from the original Thai entry; re-check
60,klathae2020,Klathae,2020,Utilization of parawood ash in concrete paving blocks (in Thai),O,,,
61,nuansawan2008,Nuansawan,2008,Utilization of label-type waste in making interlocking concrete paving blocks using limestone powder-cement as binder (in Thai),O,,,author transliterated from the original Thai entry; re-check
62,suwiro2018,Suwiro,2018,Utilization of volcanic rock waste in paving block products (in Thai),O,,,author transliterated from the original Thai entry; re-check
63,ganjian2015,Ganjian,2015,Using waste materials and by-products to produce concrete paving blocks,V2,,,Published 15 Feb 2015 (online 12 Jan 2015); older than 2019 but included as a foundational cement-reduction-in-pavers study. Quote is from the search-tool summary of the abstract. DOI not seen.
64,djamaluddin2020,Djamaluddin,2020,Evaluation of sustainable concrete paving blocks incorporating processed waste tea ash,V2,,,"Year 2020 (DOAJ lists June 2020; the ScienceDirect PII S2214509519304279 suggests online 2019). Volume/article number not seen. Authors: Abdul Rachman Djamaluddin, Muhammad Akbar Caronge, M.W. Tjaronge, Asiyanthi T. Lando, Rita Irmawaty. Quote is from search-tool summary of the abstract. DOI not seen."
65,sambucci2021,Sambucci,2021,Ground waste tire rubber as a total replacement of natural aggregates in concrete mixes: Application for lightweight paving blocks,V1,10.3390/ma14247493,,"DOI derived from URL mdpi.com/1996-1944/14/24/7493 (Materials, vol 14, issue 24, article 7493) and also appeared in search summary text. Authors Matteo Sambucci and Marco Valente (Sapienza Univ. of Rome). No strength/absorption numbers seen."
66,tis827,Thai Industrial Standards Institute (TISI),2022,TIS 827-2565. Interlocking concrete paving blocks (in Thai),S,,,year derived from the B.E. 2565 designation; draft listed 1988
67,tis2035,Thai Industrial Standards Institute (TISI),2022,TIS 2035-2565. Interlocking concrete paving blocks for heavy duty (in Thai),S,,,year derived from the B.E. 2565 designation; draft listed 2000
68,jiepa2017,Japan Interlocking Pavement Engineering Association (JIEPA),2017,Japan interlocking block pavement design and construction manual,S,,,
69,en1338,European Committee for Standardization (CEN),2003,EN 1338:2003. Concrete paving blocks - Requirements and test methods,S,,,"Exact EN 1338 slip/skid clause wording, the numeric limit (if any) and the abrasion class table were NOT seen. Draft revisions (prEN 1338; DIN EN 1338:2010-08 draft) are listed at standards.iteh.ai/.../pren-1338 and intertekinform.com - check whether a newer edition has superseded 2003. Annex I (USRV) and Annex G (abrasion) identification comes from SAI Global/NSAI/iTeh listing text and manufacturer certificates, not from the standard itself."
70,astmc936,ASTM International,2021,ASTM C936/C936M-21b. Standard specification for solid concrete interlocking paving units,S,,,draft listed 2016; revision suffix 21b implies 2021
71,is15658,Bureau of Indian Standards,2006,IS 15658:2006. Precast concrete blocks for paving - Specification,S,,,
72,astme303,ASTM International,2022,ASTM E303-22. Standard test method for measuring surface frictional properties using the British Pendulum Tester,S,,10.1520/E0303-22 (ASTM DOI pattern; NOT seen in any search result),Scope wording in the quote was returned from the E303-93 (Reapproved 2003) text and the E303-22 summary; exact E303-22 wording not seen. E303-22 (June 2022) is the newest edition seen; earlier E303-93(R2003/R2008/R2013/R2018) also listed - confirm on store.astm.org that no later edition exists (today is 2026-10). A web page titled 'ASTM E303 Slip Test Safety Criteria' (safetydirectamerica.com) appeared but its content was not seen; no numeric limit was verified for E303.
73,en13036,European Committee for Standardization (CEN),2011,EN 13036-4:2011. Road and airfield surface characteristics - Test methods - Part 4: Method for measurement of slip/skid resistance of a surface: the pendulum test,S,,,"A draft revision (prEN 13036-4) is listed at evs.ee/en/pren-13036-4, genorma.com (pren-13036-4-rev) and projektai.lsd.lt; its status/date was not seen - check whether a newer edition supersedes 2011. Earlier edition EN 13036-4:2003 also listed (evs.ee/en/evs-en-13036-4-2003). Quote uses 'm2' for 'm squared' as returned in the search summary."
74,bs7976,British Standards Institution (BSI),2013,BS 7976-2:2002+A1:2013. Pendulum testers - Method of operation (withdrawn 2022),S,,,"Search summary (NZ Building Code Hub / Standards NZ) gave original publication 20 Aug 2002, latest version BS 7976-2:2002+A1:2013, status 'Withdrawn on 25 February 2022'; the replacement standard was NOT seen. Quote text is as returned in the search summary of the scope."
75,uksrg2016,UK Slip Resistance Group (UKSRG),2016,"The assessment of floor slip resistance: the UK Slip Resistance Group guidelines, Issue 5.0",S,,,bands quoted from secondary sources; verify against the Guidelines
76,chenx2013,Chen,2013,Influence of porosity on compressive and tensile strength of cement mortar,V2,,10.1016/j.conbuildmat.2012.11.072,"Title confirmed from ScienceDirect result title (PII S0950061812009087; PII ISSN prefix 0950-0618 = Constr. Build. Mater.). Vol. 40, pp. 869-874, March 2013 and authors 'Chen, X.; Wu, S.; Zhou, J.' were stated in search-tool summary text, and the same citation was returned as cited in an ASCE reference list; first names not verified. The recalled DOI was also quoted in the search-tool summary text, but it did not appear in any returned URL, so it is held as unverified. A search summary also described a 'Zheng model' fit and a porosity-dependent f_c/f_t ratio, but that text was blended across several papers and could not be attributed to this paper, so it is NOT recorded as key_quant. Read the paper itself before quoting any fitted constants."
77,kumar2003,Kumar,2003,"Porosity, pore size distribution and in situ strength of concrete",V2,,10.1016/S0008-8846(02)00942-0,"Authors (Rakesh Kumar, B. Bhattacharjee), vol. 33 issue 1, pp. 155-164, January 2003 were stated in search-tool summaries; ScienceDirect PII S0008884602009420 returned for the exact title (ISSN 0008-8846 = Cem. Concr. Res.). The quote is text returned by the search tool describing the abstract and was not checked against the publisher page. The recalled DOI is only the standard Elsevier pattern derived from the PII, not seen in any source."
78,lian2011,Lian,2011,The relationship between porosity and strength for porous concrete,V2,,,"Exact title returned as a ScienceDirect result (PII S0950061811002431; ISSN prefix 0950-0618 = Constr. Build. Mater., year code 11); authors 'C. Lian, Yan Zhuge, Simon Beecham and others' per search summary, so author list treated as possibly incomplete. Volume, pages and DOI were not seen; my memory suggests vol. 25 issue 11 pp. 4294-4298, but this is unverified and not recorded in the fields. Journal and year rest on the PII and the task seed."
79,en1992,European Committee for Standardization (CEN),2004,EN 1992-1-1:2004. Eurocode 2: Design of concrete structures - Part 1-1: General rules and rules for buildings,S,,,well-known standard (Cl. 3.1.2); not re-verified in this session
80,damineli2010,Damineli,2010,Measuring the eco-efficiency of cement use,V2,,,"FOUNDATIONAL (2010) - cited because it introduced the bi and ci indices still used for eco-efficiency. Bibliographic details come from the search-result summary; the returned URLs are secondary pages (USP/UFU/typeset listings), not the Elsevier landing page, so confirm issue number and DOI. Quote is from search-result text."
81,persson2001,Persson,2001,Theory of rubber friction and contact mechanics,V1,10.1063/1.1388626,,journal/volume/pages added from author knowledge; DOI seen in source; re-check
82,persson2005,Persson,2005,"On the nature of surface roughness with application to contact mechanics, sealing, rubber friction and adhesion",V2,,,"Journal, volume and page range come from the search summary (arXiv record cond-mat/0502419 returned); the DOI was not seen. Content summary is from the title only."
83,chang2001,Chang,2001,"The role of friction in the measurement of slipperiness, Part 1: Friction mechanisms and definition of test conditions",V2,,,"Volume/issue/pages from the search summary. Author list in the summary was partial (institutions incl. Liberty Mutual, FIOH, INRS, Korea Univ., Linkoping, Bucknell, Wuppertal, HSL). Part 2 (device survey) title also seen at cris.vtt.fi but its authors/pages were not, so it is not listed separately. DOI not seen."
84,gierasimiuk2021,Gierasimiuk,2021,A Comparative Study on Skid Resistance of Concrete Pavements Differing in Texturing Technique,V1,10.3390/ma14010178,,"Publication date given as January 2021 (received Dec 2020) in the search summary; DOI derived from URL pattern mdpi.com/1996-1944/14/1/178 (journal code ma). Numeric BPN/MPD results were NOT seen (a separate result mentioned +32%/+38% BPN gains from brushing but could not be attributed to this paper, so it is omitted)."
85,yuan2025,Yuan,2025,Research on Anti-Slip and Wear Resistance of Concrete Pavement After Optimization of Stone-Planting Process,V1,10.3390/ma18102210,,Published 2025-05-10 per search summary; affiliation Changsha University of Science & Technology. DOI matches the URL pattern mdpi.com/1996-1944/18/10/2210 and was also printed in the search output. Quote is as returned in the search summary (not necessarily verbatim from the abstract). No BPN values seen.
86,iso14040,International Organization for Standardization,2006,ISO 14040:2006. Environmental management - Life cycle assessment - Principles and framework,S,,,"NOT VERIFIED: web-search budget ran out before this standard could be looked up. The only evidence is that a search result about B5-08 states its LCA follows 'ISO 14040 and 14044'. Title and year are from memory - confirm on iso.org. Standard, no DOI."
87,iso14044,International Organization for Standardization,2006,ISO 14044:2006. Environmental management - Life cycle assessment - Requirements and guidelines,S,,,"NOT VERIFIED: web-search budget ran out before this standard could be looked up. Only indirect evidence (see B5-17). Title and year are from memory - confirm on iso.org. Standard, no DOI. Not searched (budget exhausted): IPCC AR6 WG1 GWP values, EN 15804, TGO emission-factor/CFP documents (only seen mentioned in search summaries, no citable title/year), Thai National LCI (MTEC/NSTDA) record, TCMA 'Thailand 2050 Net Zero Cement & Concrete Roadmap' (cemnet.com/News/story/178038 - title/publisher seen, year not seen)."
88,huijbregts2017,Huijbregts,2017,ReCiPe2016: a harmonised life cycle impact assessment method at midpoint and endpoint level,V1,10.1007/s11367-016-1246-y,,DOI literally appears in search-result text and in the Springer URL. Quote from search-result summary.
89,wernet2016,Wernet,2016,The ecoinvent database version 3 (part I): overview and methodology,V1,10.1007/s11367-016-1109-6,,DOI taken from the Springer URL (link.springer.com/article/10.1007/s11367-016-1109-6) returned for this exact title query; it is consistent with my recollection but the result snippet itself did not print the DOI beside the title. Volume/issue/pages from search-result text. Quote from search-result summary.
90,wangd2026,Wang,2026,Life Cycle Assessment of both Cement and Sand-replaced Biochar Concrete,V2,,,"Published April 2026 per search-result text; volume, article number and DOI not seen (ScienceDirect pii S266737892600026X only). Author list as given in search-result text (4 names). Quote and numbers from search-result abstract text."
91,knoeri2013,Knoeri,2013,Comparative LCA of recycled and conventional concrete for structural applications,V2,,"10.1007/s11367-012-0544-2 (recalled from memory, NOT seen in any result)","FOUNDATIONAL (2013) - widely cited LCA of recycled concrete; newer RCA LCA papers could not be searched further because the search budget was exhausted. Authorship (three authors), volume/issue/pages from search-result text."
92,suarez2020,Suarez-Riera,2020,The use of biochar to reduce the carbon footprint of cement-based materials,V1,10.1016/j.prostr.2020.06.023,,"Peer-reviewed conference proceedings (Procedia), not a journal article. The result text showed the title truncated after 'cement-based'; 'materials' is completed from the search query wording. Replaces the seed Restuccia & Ferro 2016 (CBM), which could not be found."
93,abbas2025,Abbas,2025,Experimental Investigation of Low-Carbon Concrete Using Biochar as Partial Cement Replacement,V1,10.3390/su172310744,,"Title/authors from one result, mix design from another (same MDPI URL). DOI derived from MDPI pattern 2071-1050/17/23/10744 -> 10.3390/su172310744 (Sustainability = 'su'). Read the abstract for strength values before plotting."
94,poon2006,Poon,2006,Paving blocks made with recycled concrete aggregate and crushed clay brick,V2,,,Issue 8 / Oct 2006 / pp 569-577 taken from search-tool summary of the PolyU record; quote is from that summary text (not independently compared with the publisher abstract). Older than 2019 but foundational for RCA paving blocks. DOI not seen.
95,ambaye2026,Ambaye,2026,Decarbonizing concrete with biochar: Insights from life cycle sustainability assessment,V2,,,Volume 547 and article 147839 as given in search-result text (ScienceDirect pii S0959652626003781); DOI not seen. Quote from search-result summary.
96,agrela2024,Agrela,2024,Life-Cycle Assessment and Environmental Costs of Cement-Based Materials Manufactured with Mixed Recycled Aggregate and Biomass Ash,V1,10.3390/ma17174357,,"Published 3 Sep 2024. DOI 10.3390/ma17174357 appears in search-result text; issue 17 follows from the DOI code ma17174357 (volume 17, issue 17, article 4357). Search-result text said 'volume 17, issue 4357', which I interpret as article number 4357."
