series,mix,s_fit,s_from_7d,s_from_14d,f7_f28,f14_f28,pred_f7,pred_f14
I,NA,0.32609141052516216,0.33167710973493125,0.2935355697402705,0.71771902993227,0.885514529167577,0.7217392098560362,0.8736534565018894
I,RA,0.6931335011048065,0.6751168609405788,0.7981421753347832,0.5090969235858419,0.7184915646708567,0.5000068397743515,0.750432706594609
I,Rab10,0.3095804711306608,0.35084993063394365,0.06904443393811234,0.7040894081788164,0.9718059436118872,0.7337547229505537,0.8796488987746918
I,Rab15,0.25325071604735455,0.2677571082447658,0.16870126628175622,0.7650935934616399,0.9325072501977326,0.7762732332672871,0.9004146664487642
I,Rab5,0.30903426505411524,0.28095451223872425,0.4726950580195079,0.7550626808100289,0.8221793635486982,0.7341556137134417,0.8798479383035375
II,RCA0,0.7962242313189936,0.8653808773983748,0.3931497594534555,0.42089121414396535,0.8497203680317518,0.45102873329563276,0.7190625887682943
II,RCA10,0.705249338336639,0.7689872330231972,0.3337576640712872,0.46348223019237034,0.8708835996087382,0.4939853894041088,0.7466760612913486
II,RCA15,0.5532587999971735,0.5956321213862189,0.3062889842476736,0.5512140215468725,0.8808490110950314,0.5750727065542232,0.7951954873948903
II,RCA5,0.7970821511218145,0.8523688651687615,0.4748475673325019,0.4264036418816388,0.8214466363176529,0.450641952750765,0.7188071066328684
