series,age,g1,g2,meandiff,p_adj,lower,upper,reject
I,7,NA,RA,-35.1667,0.0001,-49.363,-20.9703,True
I,7,NA,Rab10,-38.0,0.0,-50.6976,-25.3024,True
I,7,NA,Rab15,-36.6667,0.0,-49.3642,-23.9691,True
I,7,NA,Rab5,-26.3333,0.0005,-39.0309,-13.6358,True
I,7,RA,Rab10,-2.8333,0.9579,-17.0297,11.363,False
I,7,RA,Rab15,-1.5,0.9959,-15.6963,12.6963,False
I,7,RA,Rab5,8.8333,0.3007,-5.363,23.0297,False
I,7,Rab10,Rab15,1.3333,0.996,-11.3642,14.0309,False
I,7,Rab10,Rab5,11.6667,0.0746,-1.0309,24.3642,False
I,7,Rab15,Rab5,10.3333,0.1244,-2.3642,23.0309,False
I,14,NA,RA,-37.5,0.0,-45.4001,-29.5999,True
I,14,NA,Rab10,-43.0,0.0,-50.2118,-35.7882,True
I,14,NA,Rab15,-45.6667,0.0,-52.8784,-38.4549,True
I,14,NA,Rab5,-38.3333,0.0,-45.5451,-31.1216,True
I,14,RA,Rab10,-5.5,0.1529,-12.7118,1.7118,False
I,14,RA,Rab15,-8.1667,0.027,-15.3784,-0.9549,True
I,14,RA,Rab5,-0.8333,0.9936,-8.0451,6.3784,False
I,14,Rab10,Rab15,-2.6667,0.6287,-9.1171,3.7837,False
I,14,Rab10,Rab5,4.6667,0.1832,-1.7837,11.1171,False
I,14,Rab15,Rab5,7.3333,0.0265,0.8829,13.7837,True
I,28,NA,RA,-30.6667,0.0002,-44.5431,-16.7902,True
I,28,NA,Rab10,-52.0,0.0,-65.8764,-38.1236,True
I,28,NA,Rab15,-53.0,0.0,-66.8764,-39.1236,True
I,28,NA,Rab5,-39.3333,0.0,-53.2098,-25.4569,True
I,28,RA,Rab10,-21.3333,0.0035,-35.2098,-7.4569,True
I,28,RA,Rab15,-22.3333,0.0025,-36.2098,-8.4569,True
I,28,RA,Rab5,-8.6667,0.3087,-22.5431,5.2098,False
I,28,Rab10,Rab15,-1.0,0.9992,-14.8764,12.8764,False
I,28,Rab10,Rab5,12.6667,0.0779,-1.2098,26.5431,False
I,28,Rab15,Rab5,13.6667,0.054,-0.2098,27.5431,False
II,7,RCA0,RCA10,5.09,0.0755,-0.5102,10.6902,False
II,7,RCA0,RCA15,10.94,0.0011,5.3398,16.5402,True
II,7,RCA0,RCA5,1.95,0.6911,-3.6502,7.5502,False
II,7,RCA10,RCA15,5.85,0.0409,0.2498,11.4502,True
II,7,RCA10,RCA5,-3.14,0.3415,-8.7402,2.4602,False
II,7,RCA15,RCA5,-8.99,0.0039,-14.5902,-3.3898,True
II,14,RCA0,RCA10,6.3167,0.3638,-5.2862,17.9196,False
II,14,RCA0,RCA15,7.6767,0.226,-3.9262,19.2796,False
II,14,RCA0,RCA5,1.62,0.9683,-9.9829,13.2229,False
II,14,RCA10,RCA15,1.36,0.9807,-10.2429,12.9629,False
II,14,RCA10,RCA5,-4.6967,0.5898,-16.2996,6.9062,False
II,14,RCA15,RCA5,-6.0567,0.396,-17.6596,5.5462,False
II,28,RCA0,RCA10,5.9167,0.0067,1.8846,9.9487,True
II,28,RCA0,RCA15,6.7667,0.003,2.7346,10.7987,True
II,28,RCA0,RCA5,3.89,0.0586,-0.1421,7.9221,False
II,28,RCA10,RCA15,0.85,0.9036,-3.1821,4.8821,False
II,28,RCA10,RCA5,-2.0267,0.4253,-6.0587,2.0054,False
II,28,RCA15,RCA5,-2.8767,0.1808,-6.9087,1.1554,False
