mix,age_d,s1,s2,s3,mean_reported
NA (อ้างอิง),7,56.0,69.0,72.0,65.7
NA (อ้างอิง),14,81.0,80.0,82.0,81.06
NA (อ้างอิง),28,89.0,84.0,101.0,91.54
RA (ไบโอชาร์ 0%),7,29.0,32.0,30.0,30.78
RA (ไบโอชาร์ 0%),14,43.0,44.0,44.0,43.44
RA (ไบโอชาร์ 0%),28,54.0,63.0,65.0,60.46
ไบโอชาร์ 5%,7,36.0,39.0,43.0,39.15
ไบโอชาร์ 5%,14,41.0,41.0,46.0,42.63
ไบโอชาร์ 5%,28,51.0,54.0,51.0,51.85
ไบโอชาร์ 10%,7,26.0,29.0,28.0,27.72
ไบโอชาร์ 10%,14,41.0,35.0,38.0,38.26
ไบโอชาร์ 10%,28,44.0,38.0,36.0,39.37
ไบโอชาร์ 15%,7,27.0,28.0,32.0,29.02
ไบโอชาร์ 15%,14,37.0,34.0,35.0,35.37
ไบโอชาร์ 15%,28,37.0,40.0,38.0,37.93
